file_name,temperature,max_output_tokens,role,content
systemPrompt1_userPrompt1_temp1_maxtoken500,1,,system,"
                Answer this given Mathematics problem and provide clear concise explanation. 
                Put the final answer in the last line in the form ""The answer is __."" 
                Replace __ with the final answer.
                "
systemPrompt1_userPrompt1_temp1_maxtoken500,1,,user,5+2*4
systemPrompt1_userPrompt1_temp1_maxtoken500,1,,assistant,"1. First, we perform the multiplication operation inside the parentheses: 2 * 4 = 8.
2. Then, we add 5 to the result of the multiplication: 5 + 8 = 13.

The answer is 13."
systemPrompt1_userPrompt2_temp1_maxtoken500,1,,system,"
                Answer this given Mathematics problem and provide clear concise explanation. 
                Put the final answer in the last line in the form ""The answer is __."" 
                Replace __ with the final answer.
                "
systemPrompt1_userPrompt2_temp1_maxtoken500,1,,user,7*2+8*5
systemPrompt1_userPrompt2_temp1_maxtoken500,1,,assistant,"**Problem:** 7 * 2 + 8 * 5

**Solution:**
1. First, we evaluate the multiplication operations:
   - 7 * 2 = 14
   - 8 * 5 = 40

2. Then, we perform the addition operation:
   - 14 + 40 = 54

**Answer:** The answer is 54."
systemPrompt1_userPrompt3_temp1_maxtoken500,1,,system,"
                Answer this given Mathematics problem and provide clear concise explanation. 
                Put the final answer in the last line in the form ""The answer is __."" 
                Replace __ with the final answer.
                "
systemPrompt1_userPrompt3_temp1_maxtoken500,1,,user,4*3+2
systemPrompt1_userPrompt3_temp1_maxtoken500,1,,assistant,"4*3+2 = 12+2 = 14
The answer is 14."
systemPrompt1_userPrompt4_temp1_maxtoken500,1,,system,"
                Answer this given Mathematics problem and provide clear concise explanation. 
                Put the final answer in the last line in the form ""The answer is __."" 
                Replace __ with the final answer.
                "
systemPrompt1_userPrompt4_temp1_maxtoken500,1,,user,4*(2+5)+12-2*3
systemPrompt1_userPrompt4_temp1_maxtoken500,1,,assistant,"1. First, evaluate the parentheses:
    4 * (2 + 5) + 12 - 2 * 3
    4 * 7 + 12 - 2 * 3

2. Next, perform the multiplication:
    28 + 12 - 6

3. Finally, perform the addition and subtraction:
    40 - 6

**The answer is 34.**"
systemPrompt1_userPrompt5_temp1_maxtoken500,1,,system,"
                Answer this given Mathematics problem and provide clear concise explanation. 
                Put the final answer in the last line in the form ""The answer is __."" 
                Replace __ with the final answer.
                "
systemPrompt1_userPrompt5_temp1_maxtoken500,1,,user,5+3*2
systemPrompt1_userPrompt5_temp1_maxtoken500,1,,assistant,"Given the expression:

5 + 3 * 2

PEMDAS (Parentheses, Exponents, Multiplication and Division, Addition and Subtraction) order of operations dictates that we first evaluate the multiplication:

3 * 2 = 6

Then, we can perform the addition:

5 + 6 = 11

Therefore, the final answer is:

The answer is 11."
systemPrompt2_userPrompt1_temp1_maxtoken500,1,,system,"
                Explain your solution to this given Mathematics problem, and put the final answer in the last line in the form ""The answer is __."" 
                Replace __ with the final answer.
                "
systemPrompt2_userPrompt1_temp1_maxtoken500,1,,user,5+2*4
systemPrompt2_userPrompt1_temp1_maxtoken500,1,,assistant,"1. Multiplication operation is performed first.
2. 2*4 = 8
3. Addition operation is performed next.
5 + 8 = 13

The answer is 13."
systemPrompt2_userPrompt2_temp1_maxtoken500,1,,system,"
                Explain your solution to this given Mathematics problem, and put the final answer in the last line in the form ""The answer is __."" 
                Replace __ with the final answer.
                "
systemPrompt2_userPrompt2_temp1_maxtoken500,1,,user,7*2+8*5
systemPrompt2_userPrompt2_temp1_maxtoken500,1,,assistant,"First, I will multiply 7 by 2 and 8 by 5:
7 * 2 = 14
8 * 5 = 40
Then, I will add the results of the two multiplications:
14 + 40 = 54
The answer is 54.

The answer is 54."
systemPrompt2_userPrompt3_temp1_maxtoken500,1,,system,"
                Explain your solution to this given Mathematics problem, and put the final answer in the last line in the form ""The answer is __."" 
                Replace __ with the final answer.
                "
systemPrompt2_userPrompt3_temp1_maxtoken500,1,,user,4*3+2
systemPrompt2_userPrompt3_temp1_maxtoken500,1,,assistant,"**Calculation:**

1. 4 * 3 = 12
2. 12 + 2 = 14

**Final Answer:**

The answer is 14."
systemPrompt2_userPrompt4_temp1_maxtoken500,1,,system,"
                Explain your solution to this given Mathematics problem, and put the final answer in the last line in the form ""The answer is __."" 
                Replace __ with the final answer.
                "
systemPrompt2_userPrompt4_temp1_maxtoken500,1,,user,4*(2+5)+12-2*3
systemPrompt2_userPrompt4_temp1_maxtoken500,1,,assistant,"4*(2+5)+12-2*3
= 4*7 + 12 - 2*3
= 28 + 12 - 6
= 40 - 6
= 34
The answer is 34."
systemPrompt2_userPrompt5_temp1_maxtoken500,1,,system,"
                Explain your solution to this given Mathematics problem, and put the final answer in the last line in the form ""The answer is __."" 
                Replace __ with the final answer.
                "
systemPrompt2_userPrompt5_temp1_maxtoken500,1,,user,5+3*2
systemPrompt2_userPrompt5_temp1_maxtoken500,1,,assistant,"Given the expression:

5 + 3 * 2

1. Multiplication takes precedence over addition, so we start with the multiplication:

3 * 2 = 6

2. Now we can evaluate the addition:

5 + 6 = 11

Therefore, the final answer is:

The answer is 11."
systemPrompt3_userPrompt1_temp1_maxtoken500,1,,system,"You are a student in grade 6 learning order of operations for the first time.
                Answer this given Mathematics problem and provide clear concise explanation. 
                Put the final answer in the last line in the form ""The answer is __."" 
                Replace __ with the final answer.
                "
systemPrompt3_userPrompt1_temp1_maxtoken500,1,,user,5+2*4
systemPrompt3_userPrompt1_temp1_maxtoken500,1,,assistant,"1. Multiplication comes before addition, so we need to calculate 2 * 4 first.
2. 2 * 4 = 8
3. Now we can add 5 to 8.
4. 5 + 8 = 13

The answer is 13."
systemPrompt3_userPrompt2_temp1_maxtoken500,1,,system,"You are a student in grade 6 learning order of operations for the first time.
                Answer this given Mathematics problem and provide clear concise explanation. 
                Put the final answer in the last line in the form ""The answer is __."" 
                Replace __ with the final answer.
                "
systemPrompt3_userPrompt2_temp1_maxtoken500,1,,user,7*2+8*5
systemPrompt3_userPrompt2_temp1_maxtoken500,1,,assistant,"1. First, perform the multiplication operations:
   - 7 * 2 = 14
   - 8 * 5 = 40

2. Add the results of the multiplication operations:
   - 14 + 40 = 54

The answer is 54.

**The answer is 54.**"
systemPrompt3_userPrompt3_temp1_maxtoken500,1,,system,"You are a student in grade 6 learning order of operations for the first time.
                Answer this given Mathematics problem and provide clear concise explanation. 
                Put the final answer in the last line in the form ""The answer is __."" 
                Replace __ with the final answer.
                "
systemPrompt3_userPrompt3_temp1_maxtoken500,1,,user,4*3+2
systemPrompt3_userPrompt3_temp1_maxtoken500,1,,assistant,"1. Perform the multiplication operation first: 4 * 3 = 12.
2. Then, perform the addition operation: 12 + 2 = 14.

The answer is 14."
systemPrompt3_userPrompt4_temp1_maxtoken500,1,,system,"You are a student in grade 6 learning order of operations for the first time.
                Answer this given Mathematics problem and provide clear concise explanation. 
                Put the final answer in the last line in the form ""The answer is __."" 
                Replace __ with the final answer.
                "
systemPrompt3_userPrompt4_temp1_maxtoken500,1,,user,4*(2+5)+12-2*3
systemPrompt3_userPrompt4_temp1_maxtoken500,1,,assistant,"1. First, we need to solve the parentheses:
2 + 5 = 7

2. Next, we need to do the multiplication:
4 * 7 = 28

3. Then, we need to do the subtraction:
28 + 12 = 40

4. Finally, we need to do the multiplication:
40 - 2 * 3 = 40 - 6 = 34

The answer is 34."
systemPrompt3_userPrompt5_temp1_maxtoken500,1,,system,"You are a student in grade 6 learning order of operations for the first time.
                Answer this given Mathematics problem and provide clear concise explanation. 
                Put the final answer in the last line in the form ""The answer is __."" 
                Replace __ with the final answer.
                "
systemPrompt3_userPrompt5_temp1_maxtoken500,1,,user,5+3*2
systemPrompt3_userPrompt5_temp1_maxtoken500,1,,assistant,"按照运算顺序，我们首先计算乘法。

3 * 2 = 6

然后，我们计算加法。

5 + 6 = 11

因此，5 + 3 * 2 = 11。

The answer is 11."
systemPrompt4_userPrompt1_temp1_maxtoken500,1,,system,"You are a student in grade 6 learning order of operations for the first time.
                Explain your solution to this given Mathematics problem, and put the final answer in the last line in the form ""The answer is __."" 
                Replace __ with the final answer.
                "
systemPrompt4_userPrompt1_temp1_maxtoken500,1,,user,5+2*4
systemPrompt4_userPrompt1_temp1_maxtoken500,1,,assistant,"1. **Perform the multiplication first:**

5 + 2 * 4 = 5 + 8

2. **Then, perform the addition:**

5 + 8 = 13

The answer is 13."
systemPrompt4_userPrompt2_temp1_maxtoken500,1,,system,"You are a student in grade 6 learning order of operations for the first time.
                Explain your solution to this given Mathematics problem, and put the final answer in the last line in the form ""The answer is __."" 
                Replace __ with the final answer.
                "
systemPrompt4_userPrompt2_temp1_maxtoken500,1,,user,7*2+8*5
systemPrompt4_userPrompt2_temp1_maxtoken500,1,,assistant,"1. First, perform the multiplication operations:
   - 7 * 2 = 14
   - 8 * 5 = 40

2. Next, perform the addition operation:
   - 14 + 40 = 54

The answer is 54."
systemPrompt4_userPrompt3_temp1_maxtoken500,1,,system,"You are a student in grade 6 learning order of operations for the first time.
                Explain your solution to this given Mathematics problem, and put the final answer in the last line in the form ""The answer is __."" 
                Replace __ with the final answer.
                "
systemPrompt4_userPrompt3_temp1_maxtoken500,1,,user,4*3+2
systemPrompt4_userPrompt3_temp1_maxtoken500,1,,assistant,"1. Multiplication comes before addition in the order of operations. So, we'll do 4 * 3 first.
2. 4 * 3 = 12.
3. Now, we add 2 to 12.
4. 12 + 2 = 14.

The answer is 14."
systemPrompt4_userPrompt4_temp1_maxtoken500,1,,system,"You are a student in grade 6 learning order of operations for the first time.
                Explain your solution to this given Mathematics problem, and put the final answer in the last line in the form ""The answer is __."" 
                Replace __ with the final answer.
                "
systemPrompt4_userPrompt4_temp1_maxtoken500,1,,user,4*(2+5)+12-2*3
systemPrompt4_userPrompt4_temp1_maxtoken500,1,,assistant,"1. First, we perform the operations inside the parentheses:
4*(2+5)+12-2*3
4*(7)+12-2*3

2. Next, we perform the multiplication and division operations (from left to right):
4*7+12-2*3
28+12-2*3

3. Finally, we perform the addition and subtraction operations (from left to right):
28+12-6
40-6

4. The final answer is:
The answer is 34."
systemPrompt4_userPrompt5_temp1_maxtoken500,1,,system,"You are a student in grade 6 learning order of operations for the first time.
                Explain your solution to this given Mathematics problem, and put the final answer in the last line in the form ""The answer is __."" 
                Replace __ with the final answer.
                "
systemPrompt4_userPrompt5_temp1_maxtoken500,1,,user,5+3*2
systemPrompt4_userPrompt5_temp1_maxtoken500,1,,assistant,"**Solution:**

* First, I'll multiply 3 by 2 to get 6.
* Then, I'll add 6 to 5 to get 11.

**Answer:**

The answer is 11."
